model,technique,method,f1_check_max_abs_diff,f1_posthoc_per_fold,f1_posthoc_mean,f1_posthoc_std,precision_posthoc_per_fold,precision_posthoc_mean,precision_posthoc_std,recall_posthoc_per_fold,recall_posthoc_mean,recall_posthoc_std,roc_auc_posthoc_per_fold,roc_auc_posthoc_mean,roc_auc_posthoc_std,pr_auc_posthoc_per_fold,pr_auc_posthoc_mean,pr_auc_posthoc_std
naive_bayes,none,grid_search,0.0,"[0.4955679241393527, 0.4868312757201646, 0.49813972715998345]",0.49351297567316693,0.005927679005369191,"[0.4551306323362363, 0.4464150943396226, 0.4585235920852359]",0.4533564395870316,0.006246178779652276,"[0.5438914027149321, 0.5352941176470588, 0.5452488687782805]",0.5414781297134238,0.005398349975316205,"[0.7459907431482486, 0.7420551817459384, 0.7525446234826387]",0.7468635161256086,0.005298905216119163,"[0.48047036153979633, 0.48650793195482617, 0.47781893849461193]",0.4815990773297448,0.004453105808171494
naive_bayes,none,random_search,0.0,"[0.4955679241393527, 0.4868312757201646, 0.4983471074380165]",0.49358210243251127,0.006009260430950967,"[0.4551306323362363, 0.4464150943396226, 0.4585551330798479]",0.45336695325190224,0.006259237820048913,"[0.5438914027149321, 0.5352941176470588, 0.5457013574660633]",0.5416289592760181,0.0055602740848165,"[0.7460082517091206, 0.7420572760623129, 0.7525097763851867]",0.7468584347188734,0.005277859330493146,"[0.4805157860451036, 0.4865209359704856, 0.4778071779275363]",0.48161463331437515,0.004459595699012998
naive_bayes,none,bayesian_optuna,0.0,"[0.4955679241393527, 0.4868312757201646, 0.4983471074380165]",0.49358210243251127,0.006009260430950967,"[0.4551306323362363, 0.4464150943396226, 0.4585551330798479]",0.45336695325190224,0.006259237820048913,"[0.5438914027149321, 0.5352941176470588, 0.5457013574660633]",0.5416289592760181,0.0055602740848165,"[0.7459939423869462, 0.742057276062313, 0.7525098927360964]",0.7468537037284518,0.005279080507581253,"[0.4804775770472254, 0.4865195991296847, 0.4778072086431128]",0.48160146160667433,0.004463605535310293
naive_bayes,none,genetic_deap,0.0,"[0.4955679241393527, 0.4868312757201646, 0.4983471074380165]",0.49358210243251127,0.006009260430950967,"[0.4551306323362363, 0.4464150943396226, 0.4585551330798479]",0.45336695325190224,0.006259237820048913,"[0.5438914027149321, 0.5352941176470588, 0.5457013574660633]",0.5416289592760181,0.0055602740848165,"[0.7459908594842013, 0.7420585559223195, 0.7525098345606415]",0.7468530833223874,0.005278719423715711,"[0.4804709227057033, 0.4865277475210896, 0.47780709712185354]",0.48160192244954886,0.00446898267638823
naive_bayes,smote,grid_search,0.0,"[0.5027462467960454, 0.4938666666666667, 0.5013496490912362]",0.49932085418464944,0.004774802864858277,"[0.42220172201722017, 0.40673499267935576, 0.41619360621452045]",0.41504344030369883,0.007797248894289646,"[0.6212669683257919, 0.6285067873303167, 0.630316742081448]",0.6266968325791855,0.004788690155772998,"[0.7424775137145545, 0.7416481862638442, 0.7508032285050421]",0.7449763094944802,0.005063268200664526,"[0.48441267634027785, 0.4956730953240267, 0.4842368212441054]",0.48810753096947,0.006552560892957571
naive_bayes,smote,random_search,0.0,"[0.5025622254758418, 0.4938666666666667, 0.5010791366906475]",0.49916934294438536,0.00465173837031948,"[0.4219422249539029, 0.40673499267935576, 0.41582089552238805]",0.4148327043852156,0.0076516252950400414,"[0.6212669683257919, 0.6285067873303167, 0.630316742081448]",0.6266968325791855,0.004788690155772998,"[0.7424487787342533, 0.741648651667483, 0.7507812963585656]",0.7449595755867673,0.005057605697297454,"[0.4843927043097965, 0.4956729611405998, 0.48423274848023856]",0.48809947131021164,0.006559322192505655
naive_bayes,smote,bayesian_optuna,0.0,"[0.5026542192934286, 0.4937744574884383, 0.5013496490912362]",0.499259441957701,0.00479471238179645,"[0.4220719335997541, 0.406799531066823, 0.41619360621452045]",0.4150216902936992,0.00770335056816681,"[0.6212669683257919, 0.6280542986425339, 0.630316742081448]",0.6265460030165912,0.004709651582502546,"[0.7424585509542747, 0.7416501060538542, 0.750787928360418]",0.7449655284561821,0.005058522637380084,"[0.4843990325899209, 0.4956739056414191, 0.4842309937931681]",0.48810131067483603,0.0065585978040464624
naive_bayes,smote,genetic_deap,0.0,"[0.5027462467960454, 0.4938666666666667, 0.5013496490912362]",0.49932085418464944,0.004774802864858277,"[0.42220172201722017, 0.40673499267935576, 0.41619360621452045]",0.41504344030369883,0.007797248894289646,"[0.6212669683257919, 0.6285067873303167, 0.630316742081448]",0.6266968325791855,0.004788690155772998,"[0.7424775137145545, 0.7416487098429378, 0.7508032285050421]",0.7449764840208447,0.005063096130580016,"[0.48441267634027785, 0.49567297221453255, 0.4842368212441054]",0.488107489932972,0.006552489822057583
naive_bayes,adasyn,grid_search,0.0,"[0.5022237427300719, 0.4901730220057114, 0.502539790044023]",0.49831218492660206,0.0070504929803358865,"[0.40374037403740376, 0.38979428266096716, 0.4015151515151515]",0.39834993607117414,0.007492483418405034,"[0.6642533936651583, 0.6601809954751131, 0.6714932126696832]",0.6653092006033182,0.00572953843536124,"[0.7504089208735201, 0.7441010379664653, 0.7510831106183004]",0.7485310231527619,0.003851260769682727,"[0.4880538789760002, 0.4961132256550226, 0.4863056954883205]",0.4901576000397811,0.005231265977594664
naive_bayes,adasyn,random_search,0.0,"[0.5017970220776998, 0.4899328859060403, 0.5026231172787273]",0.49811767508748916,0.0071002597684072044,"[0.4035232590145885, 0.3893333333333333, 0.40145985401459855]",0.3981054821208401,0.00766663914705224,"[0.6633484162895927, 0.6606334841628959, 0.6719457013574661]",0.6653092006033182,0.005905511900588848,"[0.7504162500385363, 0.74408428343547, 0.7510818307582937]",0.7485274547441,0.0038622633108066373,"[0.48805924281146135, 0.4961105466780507, 0.48631480850443365]",0.4901615326646486,0.005225307508809898
naive_bayes,adasyn,bayesian_optuna,0.0,"[0.5019688409518918, 0.4899328859060403, 0.5027932960893855]",0.4982316743157725,0.007198774088035023,"[0.40374552464885705, 0.3893333333333333, 0.4016770354341358]",0.3982519644721087,0.007792698374119538,"[0.6633484162895927, 0.6606334841628959, 0.6719457013574661]",0.6653092006033182,0.005905511900588848,"[0.7504349801269108, 0.7440860868745701, 0.7510829942673907]",0.748534687089624,0.0038662014286115006,"[0.4880724137044409, 0.4961114142634306, 0.48630562644494957]",0.4901631514709403,0.005226543503259879
naive_bayes,adasyn,genetic_deap,0.0,"[0.5022237427300719, 0.4901730220057114, 0.502539790044023]",0.49831218492660206,0.0070504929803358865,"[0.40374037403740376, 0.38979428266096716, 0.4015151515151515]",0.39834993607117414,0.007492483418405034,"[0.6642533936651583, 0.6601809954751131, 0.6714932126696832]",0.6653092006033182,0.00572953843536124,"[0.750409095377449, 0.7441010379664653, 0.7510831106183004]",0.7485310813207383,0.0038513033153438087,"[0.48805409770039443, 0.4961132256550226, 0.4863056954883205]",0.49015767294791246,0.005231221999606878
naive_bayes,class_weight,grid_search,0.0,"[0.49569202566452797, 0.49000180147721134, 0.49963636363636366]",0.495110063592701,0.0048435737724769196,"[0.41664098613251155, 0.4070637533672553, 0.417629179331307]",0.4137779729436913,0.005835639625609472,"[0.611764705882353, 0.6153846153846154, 0.6217194570135747]",0.616289592760181,0.005038700780841631,"[0.7459911503240828, 0.7420763576115019, 0.752541743797624]",0.7468697505777362,0.005287724539956514,"[0.4805629275088132, 0.48669669445917974, 0.47710410264210396]",0.4814545748700323,0.00485805832661919
naive_bayes,class_weight,random_search,0.0,"[0.49569202566452797, 0.4901854853232487, 0.49990917347865577]",0.4952622281554775,0.004876071396112912,"[0.41664098613251155, 0.4071193538737661, 0.4176024279210926]",0.4137875893091234,0.005794835238746985,"[0.611764705882353, 0.6158371040723982, 0.6226244343891403]",0.6167420814479638,0.005486133779629908,"[0.7459912084920592, 0.7420646061696234, 0.7525123070174724]",0.7468560405597184,0.005277268624058722,"[0.48056309266970515, 0.4866485759172503, 0.4770932996691024]",0.48143498941868595,0.0048369390114272985
naive_bayes,class_weight,bayesian_optuna,0.0,"[0.49569202566452797, 0.4901854853232487, 0.49990917347865577]",0.4952622281554775,0.004876071396112912,"[0.41664098613251155, 0.4071193538737661, 0.4176024279210926]",0.4137875893091234,0.005794835238746985,"[0.611764705882353, 0.6158371040723982, 0.6226244343891403]",0.6167420814479638,0.005486133779629908,"[0.7459911503240828, 0.7420650133978073, 0.75250759480563]",0.7468545861758401,0.0052745632726630565,"[0.4805629275088132, 0.4866493097068296, 0.4770919091901328]",0.4814347154685919,0.0048379734232683195
naive_bayes,class_weight,genetic_deap,0.0,"[0.49569202566452797, 0.49000180147721134, 0.49990917347865577]",0.49520100020679836,0.004971904513750758,"[0.41664098613251155, 0.4070637533672553, 0.4176024279210926]",0.4137690558069531,0.005826826167311912,"[0.611764705882353, 0.6153846153846154, 0.6226244343891403]",0.6165912518853696,0.005529503101002502,"[0.7459912666600355, 0.7420763576115019, 0.75250759480563]",0.7468584063590558,0.00526940469059391,"[0.48056348867472015, 0.48669669445917974, 0.4770918751366492]",0.48145068609018304,0.004863484141550894
logistic_regression,none,grid_search,0.0,"[0.3754863813229572, 0.38304755742478164, 0.3748395378690629]",0.3777911588722673,0.004563649408162079,"[0.6624713958810069, 0.6719636776390465, 0.6445916114790287]",0.6596755616663607,0.01389856173076691,"[0.26199095022624436, 0.2678733031674208, 0.2642533936651584]",0.2647058823529412,0.002967166753077818,"[0.7464943905712037, 0.7403101508024139, 0.7630987854128537]",0.7499677755954904,0.011784683682527844,"[0.5072033987278758, 0.512081046563898, 0.5055150635255332]",0.5082665029391024,0.0034096445911515625
logistic_regression,none,random_search,0.0,"[0.3754863813229572, 0.38304755742478164, 0.3748395378690629]",0.3777911588722673,0.004563649408162079,"[0.6624713958810069, 0.6719636776390465, 0.6445916114790287]",0.6596755616663607,0.01389856173076691,"[0.26199095022624436, 0.2678733031674208, 0.2642533936651584]",0.2647058823529412,0.002967166753077818,"[0.7464836294955848, 0.7403078237842202, 0.7630973892019375]",0.7499629474939141,0.01178644616846943,"[0.5071992913714355, 0.5120759172689421, 0.5055154104578798]",0.5082635396994192,0.0034072761529131304
logistic_regression,none,bayesian_optuna,0.0,"[0.3754863813229572, 0.38304755742478164, 0.3748395378690629]",0.3777911588722673,0.004563649408162079,"[0.6624713958810069, 0.6719636776390465, 0.6445916114790287]",0.6596755616663607,0.01389856173076691,"[0.26199095022624436, 0.2678733031674208, 0.2642533936651584]",0.2647058823529412,0.002967166753077818,"[0.7465032902715805, 0.7402973522023482, 0.7630987854128537]",0.7499664759622607,0.011788620803952677,"[0.5072040565388518, 0.5120737774838073, 0.5055144702289143]",0.5082641014171911,0.0034057156772245804
logistic_regression,none,genetic_deap,0.0,"[0.37560817385663314, 0.38304755742478164, 0.3748395378690629]",0.3778317563834926,0.004533336045020406,"[0.6632302405498282, 0.6719636776390465, 0.6445916114790287]",0.6599285098893011,0.013981543923440537,"[0.26199095022624436, 0.2678733031674208, 0.2642533936651584]",0.2647058823529412,0.002967166753077818,"[0.7464804302568873, 0.7403025879932843, 0.7630951203591986]",0.7499593795364566,0.011787798733443622,"[0.5072158579221603, 0.5120663755515862, 0.5055179025279694]",0.508266712000572,0.0033983592299586494
logistic_regression,smote,grid_search,0.0,"[0.5128010620140337, 0.5046659201194476, 0.528821123094087]",0.5154293684091895,0.012290217799804042,"[0.44139732288605943, 0.42947903430749684, 0.44886363636363635]",0.4399133311857309,0.009777135201259368,"[0.611764705882353, 0.611764705882353, 0.6434389140271494]",0.6223227752639517,0.018287112598766427,"[0.7475350156675444, 0.7394123580955219, 0.7624140021338757]",0.7497871252989806,0.011665029166735511,"[0.5039352212615802, 0.5052002797116185, 0.49786759355466936]",0.5023343648426226,0.003919710132735138
logistic_regression,smote,random_search,0.0,"[0.5156012176560122, 0.5021483280403513, 0.5262764166822518]",0.5146753207928717,0.012090662890376701,"[0.4448456992777413, 0.42761692650334077, 0.4485176920624801]",0.44032677261452075,0.011159122899233643,"[0.6131221719457014, 0.6081447963800904, 0.6366515837104072]",0.6193061840120664,0.015226317181173107,"[0.7468331026973072, 0.7384258187322638, 0.7618188672308135]",0.7490259295534614,0.011849685511847079,"[0.5041688868915144, 0.5047335790335357, 0.4977520797861176]",0.5022181819037225,0.0038780498188486245
logistic_regression,smote,bayesian_optuna,0.0,"[0.5149041199924056, 0.5018712574850299, 0.5280391418893489]",0.5149381731222614,0.013083975437961864,"[0.4435721295387635, 0.4278876834716018, 0.4519974226804124]",0.4411524118969259,0.012235651036168037,"[0.6135746606334842, 0.606787330316742, 0.634841628959276]",0.6184012066365008,0.014636686025892156,"[0.7472135212624312, 0.7372539323698702, 0.7592845117159548]",0.747917321782752,0.011032139772516238,"[0.5040915258493811, 0.5040923152904178, 0.4952982475268738]",0.5011606962222243,0.0050770295139004485
logistic_regression,smote,genetic_deap,0.0,"[0.5219558964525407, 0.5013103706476975, 0.526829268292683]",0.5166985117976404,0.013547457485114971,"[0.4529118136439268, 0.427522349936143, 0.45]",0.4434780545266899,0.013894532968395868,"[0.6158371040723982, 0.6058823529411764, 0.6352941176470588]",0.6190045248868778,0.014959525117481028,"[0.7423972128232467, 0.736817790984899, 0.7609864346474393]",0.7467338128185284,0.01265446200994023,"[0.5047653666919462, 0.503816329045186, 0.49694823984441944]",0.5018433118605172,0.004265731548729904
logistic_regression,adasyn,grid_search,0.0,"[0.5022088708252341, 0.49595212953185497, 0.5194266965981695]",0.5058625656517529,0.012156312728443709,"[0.41200347926935343, 0.4058179723502304, 0.4199944149678861]",0.41260528886249,0.0071073562182230815,"[0.6429864253393666, 0.6375565610859728, 0.6805429864253394]",0.6536953242835596,0.023408728677823114,"[0.7488708432437023, 0.7416298900832956, 0.7629065737100467]",0.7511357690123482,0.010817658392245577,"[0.4974057796589323, 0.49715504152212814, 0.4946843145343061]",0.4964150452384555,0.0015040907489330935
logistic_regression,adasyn,random_search,0.0,"[0.5017755681818182, 0.49771849771849774, 0.5174581005586593]",0.5056507221529918,0.010424758692509604,"[0.41291642314436, 0.4065366972477064, 0.4212620807276862]",0.41357173370658423,0.007384531373610457,"[0.639366515837104, 0.6416289592760182, 0.6705882352941176]",0.6505279034690798,0.017409547589657116,"[0.7485462077678678, 0.7432157529823648, 0.7611391452164069]",0.7509670353222132,0.009203656981316657,"[0.4978863975355237, 0.4985773406659456, 0.4932424855948712]",0.49656874126544687,0.002901264067936029
logistic_regression,adasyn,bayesian_optuna,0.0,"[0.5005253940455342, 0.4994365562316881, 0.5115692048801009]",0.5038437183857744,0.006712581331107391,"[0.4082857142857143, 0.4975303098338572, 0.4779874213836478]",0.4612678151677398,0.04691277419476677,"[0.646606334841629, 0.5013574660633484, 0.5502262443438914]",0.5660633484162896,0.07390817863668757,"[0.749367306921582, 0.688974122394176, 0.7307902030207023]",0.7230438774454867,0.03093280385413288,"[0.4966958628197491, 0.4737098425251426, 0.48660692426692]",0.4856708765372706,0.011521563316675035
logistic_regression,adasyn,genetic_deap,0.0,"[0.499737348975661, 0.4994365562316881, 0.5115692048801009]",0.5035810366958167,0.0069195911926944855,"[0.40759782919165954, 0.4975303098338572, 0.4779874213836478]",0.4610385201363882,0.04730128654415051,"[0.6457013574660634, 0.5013574660633484, 0.5502262443438914]",0.565761689291101,0.07341527282248926,"[0.7494219848193215, 0.676973980446066, 0.7307384850413453]",0.719044816768911,0.037612959770086093,"[0.4971541599505157, 0.43433767047591865, 0.48660798631817126]",0.4726999389148685,0.033638566771005976
logistic_regression,class_weight,grid_search,0.0,"[0.5122728124414465, 0.5058205031918889, 0.525328330206379]",0.5144738819465715,0.009938428393443872,"[0.43716021746082506, 0.4322849807445443, 0.44871794871794873]",0.43938771564110607,0.008439900485852912,"[0.618552036199095, 0.609502262443439, 0.6334841628959276]",0.6205128205128205,0.012110590145487633,"[0.7490586094712589, 0.7395247530742818, 0.761627731773921]",0.7500703647731539,0.011086169466608392,"[0.5030906769053417, 0.5045998906407911, 0.4994631242491043]",0.5023845639317458,0.0026401778139552193
logistic_regression,class_weight,random_search,0.0,"[0.5130418465002815, 0.5043347154165096, 0.5264147396127091]",0.5145971005098334,0.011121869375328011,"[0.43828150048092335, 0.4321705426356589, 0.45030556449018977]",0.440252535868924,0.009226781117575142,"[0.618552036199095, 0.6054298642533936, 0.6334841628959276]",0.6191553544494721,0.014036876887846137,"[0.7491062490438638, 0.7378308001801113, 0.7606580923802952]",0.7491983805347567,0.01141392498034115,"[0.5032155697574339, 0.5035930700159186, 0.4986782380186628]",0.5018289592640051,0.0027351252047534223
logistic_regression,class_weight,bayesian_optuna,0.0,"[0.5141997366936242, 0.5052990158970477, 0.5258588146470367]",0.5151191890792363,0.010310692298631902,"[0.43997425168973286, 0.4342875731945348, 0.45110103626943004]",0.4417876203845659,0.008552155556365114,"[0.618552036199095, 0.6040723981900452, 0.630316742081448]",0.6176470588235294,0.013145555698039784,"[0.7490893221627551, 0.7365036435287369, 0.759527336064477]",0.7483734339186564,0.011528528808074463,"[0.5033959225312498, 0.5026995152777961, 0.4979717432539129]",0.5013557270209863,0.0029512294671081843
logistic_regression,class_weight,genetic_deap,0.0,"[0.5131282820705176, 0.5049279757391963, 0.5257790368271955]",0.5146117648789699,0.010504390894102244,"[0.4381806534272902, 0.4344422700587084, 0.45121555915721234]",0.44127949421440366,0.008805561734688274,"[0.6190045248868778, 0.6027149321266968, 0.6298642533936651]",0.6171945701357466,0.013664858706372407,"[0.7491001995743267, 0.7357916341368915, 0.7594657864332512]",0.7481192067148231,0.011867524256583857,"[0.5031226555270152, 0.5022843337593829, 0.4979566031287325]",0.5011211974717101,0.0027724878472639397
decision_tree,none,grid_search,0.0,"[0.4611542730299667, 0.4461582405027135, 0.4740494032750486]",0.46045397226924295,0.013958762698205916,"[0.5961262553802008, 0.6049573973663827, 0.6130653266331658]",0.6047163264599165,0.008472108363017717,"[0.3760180995475113, 0.35339366515837106, 0.38642533936651585]",0.3719457013574661,0.016888196928978746,"[0.7259044102377965, 0.7408552839020373, 0.7517978833442508]",0.7395191924946949,0.012998339992677856,"[0.47175609322564716, 0.4937648412340737, 0.5054261873804785]",0.4903157072800665,0.01709798829901683
decision_tree,none,random_search,0.0,"[0.4706927175843694, 0.4739918176504968, 0.4751131221719457]",0.4732658858022707,0.002297874445148841,"[0.6806506849315068, 0.6691419141914191, 0.6334841628959276]",0.6610922540062845,0.024592030661482626,"[0.3597285067873303, 0.3669683257918552, 0.38009049773755654]",0.3689291101055807,0.01032163626601847,"[0.7551891069994108, 0.7532557020672066, 0.7629719920090194]",0.7571389336918789,0.005143242231933018,"[0.5146564524061884, 0.5040172556160132, 0.516305807940289]",0.5116598386541634,0.006669850076331153
decision_tree,none,bayesian_optuna,0.0,"[0.48177311169437154, 0.4647058823529412, 0.4786275079965106]",0.4750355006812745,0.00908292170850205,"[0.6776045939294504, 0.6638655462184874, 0.6696501220504475]",0.670373420732795,0.006898023538590155,"[0.3737556561085973, 0.3574660633484163, 0.3723981900452489]",0.36787330316742084,0.00903845445947429,"[0.7494038654946983, 0.7599209511919569, 0.7304935082009939]",0.7466061082958829,0.014911880641094078,"[0.5074620941429089, 0.5176870579993084, 0.47785986789763757]",0.5010030066799517,0.02068432077659924
decision_tree,none,genetic_deap,0.0,"[0.479627473806752, 0.4638447971781305, 0.4779220779220779]",0.47379811630232016,0.008661900194058778,"[0.6721044045676998, 0.6619127516778524, 0.6597609561752988]",0.6645927041402837,0.006593693081622419,"[0.3728506787330317, 0.3570135746606335, 0.3746606334841629]",0.3681749622926094,0.009708316767272454,"[0.7494295757402312, 0.7589977939867523, 0.7579346375494638]",0.7554540024254823,0.005244317216474646,"[0.5012784552878484, 0.5134075175007755, 0.5046991634561769]",0.5064617120816003,0.006253676581339992
decision_tree,smote,grid_search,0.0,"[0.5189844978656482, 0.4994365562316881, 0.511679153812252]",0.5100334026365294,0.009877341658081469,"[0.5153949129852744, 0.4975303098338572, 0.49871134020618557]",0.5038788543417724,0.009990666303882012,"[0.5226244343891403, 0.5013574660633484, 0.5253393665158371]",0.5164404223227752,0.013132569864881006,"[0.7251597728889533, 0.6951196610930703, 0.7015733842640048]",0.7072842727486761,0.01581337296848936,"[0.4377659505294368, 0.41451661558012, 0.42216943021115916]",0.4248173321069053,0.011848689051262296
decision_tree,smote,random_search,0.0,"[0.5024228513134404, 0.5146364494806421, 0.511679153812252]",0.5095794848687782,0.006371769950461921,"[0.575686732904734, 0.5380059230009872, 0.49871134020618557]",0.5374679987039689,0.038490515613407016,"[0.4457013574660634, 0.49321266968325794, 0.5253393665158371]",0.48808446455505283,0.0400659080420084,"[0.7391777025859737, 0.7364712688881158, 0.7231538892036827]",0.7329342868925908,0.008577489729234479,"[0.49993193306985606, 0.49472803127897236, 0.4558603114307878]",0.4835067585932054,0.024083493911609914
decision_tree,smote,bayesian_optuna,0.0,"[0.5182127246236037, 0.5146364494806421, 0.5208034433285509]",0.5178842058109322,0.0030965943773354292,"[0.5592243186582809, 0.5380059230009872, 0.5522312373225152]",0.5498204929939278,0.010812670564237509,"[0.4828054298642534, 0.49321266968325794, 0.49276018099547514]",0.4895927601809955,0.005882352941176482,"[0.729269689423724, 0.7364712688881158, 0.7541414524549459]",0.7399608035889287,0.012797804045673072,"[0.48192764368487084, 0.49472803127897236, 0.5063312043893542]",0.4943289597843991,0.012206673883891822
decision_tree,smote,genetic_deap,0.0,"[0.5182127246236037, 0.5105990783410138, 0.5225762090304836]",0.5171293373317004,0.006061617845621177,"[0.5592243186582809, 0.5201877934272301, 0.5294937296795169]",0.5363019472550093,0.020389370893802727,"[0.4828054298642534, 0.5013574660633484, 0.5158371040723982]",0.5,0.01655762394889775,"[0.729269689423724, 0.7355621901429836, 0.731512422204873]",0.7321147672571936,0.0031892014669838375,"[0.48192764368487084, 0.48907809181343015, 0.47855993027250343]",0.4831885552569348,0.00537125255826619
decision_tree,adasyn,grid_search,0.0,"[0.5189844978656482, 0.4994365562316881, 0.511679153812252]",0.5100334026365294,0.009877341658081469,"[0.5153949129852744, 0.4975303098338572, 0.49871134020618557]",0.5038788543417724,0.009990666303882012,"[0.5226244343891403, 0.5013574660633484, 0.5253393665158371]",0.5164404223227752,0.013132569864881006,"[0.7075787928865219, 0.6951196610930703, 0.7015733842640048]",0.701423946081199,0.006230910053074856,"[0.4339778861345901, 0.41451661558012, 0.42216943021115916]",0.42355464397528975,0.009804303941526087
decision_tree,adasyn,random_search,0.0,"[0.5247354171794241, 0.514162265962554, 0.5146170572602078]",0.5178382468007287,0.0059774516481248844,"[0.5752833243389098, 0.5475460122699386, 0.552099533437014]",0.5583096233486208,0.014874929671617096,"[0.4823529411764706, 0.4846153846153846, 0.4819004524886878]",0.48295625942684767,0.0014545476260924466,"[0.7387935612703653, 0.7313248645384534, 0.7484054398704316]",0.7395079552264168,0.008562667952290234,"[0.4988325636180635, 0.48064309850753256, 0.4885910728559463]",0.48935557832718074,0.009118799905331081
decision_tree,adasyn,bayesian_optuna,0.0,"[0.5247354171794241, 0.514162265962554, 0.5146170572602078]",0.5178382468007287,0.0059774516481248844,"[0.5752833243389098, 0.5475460122699386, 0.552099533437014]",0.5583096233486208,0.014874929671617096,"[0.4823529411764706, 0.4846153846153846, 0.4819004524886878]",0.48295625942684767,0.0014545476260924466,"[0.7387935612703653, 0.7314385684649475, 0.7484054398704316]",0.7395458565352482,0.008508415977532638,"[0.4988325636180635, 0.48172691239786014, 0.4885910728559463]",0.4897168496239566,0.00860821444408508
decision_tree,adasyn,genetic_deap,0.0,"[0.5247354171794241, 0.514162265962554, 0.5146170572602078]",0.5178382468007287,0.0059774516481248844,"[0.5752833243389098, 0.5475460122699386, 0.552099533437014]",0.5583096233486208,0.014874929671617096,"[0.4823529411764706, 0.4846153846153846, 0.4819004524886878]",0.48295625942684767,0.0014545476260924466,"[0.7387935612703653, 0.7313248645384534, 0.7484054398704316]",0.7395079552264168,0.008562667952290234,"[0.4988325636180635, 0.48064309850753256, 0.4885910728559463]",0.48935557832718074,0.009118799905331081
decision_tree,class_weight,grid_search,0.0,"[0.5189844978656482, 0.4994365562316881, 0.511679153812252]",0.5100334026365294,0.009877341658081469,"[0.5153949129852744, 0.4975303098338572, 0.49871134020618557]",0.5038788543417724,0.009990666303882012,"[0.5226244343891403, 0.5013574660633484, 0.5253393665158371]",0.5164404223227752,0.013132569864881006,"[0.7374922273041644, 0.7232551726705675, 0.7350144973233472]",0.7319206324326931,0.007606078564623355,"[0.4651454738511507, 0.4497033554306247, 0.45542289700034777]",0.45675724209404106,0.0078070553315693
decision_tree,class_weight,random_search,0.0,"[0.5263774912075029, 0.5045853658536585, 0.5147588192944564]",0.5152405587852059,0.010904046797502615,"[0.4632049518569464, 0.44356775300171525, 0.4273759713090257]",0.4447162253892291,0.017942079126859314,"[0.609502262443439, 0.5850678733031675, 0.6470588235294118]",0.6138763197586727,0.031226091022346816,"[0.753944574062085, 0.7481433885340834, 0.7586043824733643]",0.7535641150231775,0.00524086446682537,"[0.5109466213568353, 0.4986997282369983, 0.5132477445364158]",0.5076313647100831,0.007820127207239328
decision_tree,class_weight,bayesian_optuna,0.0,"[0.5258637517079836, 0.5104776288465169, 0.5145228215767634]",0.5169547340437547,0.007976142103947708,"[0.4624098867147271, 0.43796566245545837, 0.42784278427842787]",0.4427394444828711,0.01777112514289227,"[0.609502262443439, 0.611764705882353, 0.6452488687782806]",0.6221719457013575,0.02001719127655625,"[0.7536154596520741, 0.7469864532635848, 0.7584197335796868]",0.7530072154984486,0.0057408575500055925,"[0.5110981508070941, 0.49759778956961226, 0.5116585116836765]",0.5067848173534609,0.00796113124523813
decision_tree,class_weight,genetic_deap,0.0,"[0.5258637517079836, 0.5104776288465169, 0.520627966411099]",0.5189897823218664,0.007822782721621362,"[0.4624098867147271, 0.43796566245545837, 0.4363525091799266]",0.44557601945003733,0.014600852070563714,"[0.609502262443439, 0.611764705882353, 0.6452488687782806]",0.6221719457013575,0.02001719127655625,"[0.7536154596520741, 0.7469864532635848, 0.7578999649783761]",0.7528339592980117,0.005498567230631208,"[0.5110981508070941, 0.49759778956961226, 0.5116852793028803]",0.5067937398931955,0.007969335400960351
xgboost,none,grid_search,0.0,"[0.4630454140694568, 0.47944412275622467, 0.47951529140219273]",0.47400160940929137,0.009488410219183301,"[0.6729939603106126, 0.6655948553054662, 0.6616242038216561]",0.6667376731459117,0.0057703869122332375,"[0.35294117647058826, 0.3746606334841629, 0.3760180995475113]",0.36787330316742084,0.012949400924211919,"[0.7781019091311507, 0.7781420563161674, 0.7835965869624152]",0.7799468508032444,0.0031608279726655507,"[0.5488797626801388, 0.5517249528248094, 0.5551010929776607]",0.5519019361608697,0.0031144389532704467
xgboost,none,random_search,0.0,"[0.4725467289719626, 0.4849537037037037, 0.4789625360230548]",0.47882098956624036,0.006204698384941305,"[0.6663920922570017, 0.6725521669341894, 0.6595238095238095]",0.6661560229050002,0.006517386037159832,"[0.36606334841628957, 0.37918552036199094, 0.3760180995475113]",0.3737556561085973,0.0068473963576568195,"[0.7748842602691199, 0.779852531039514, 0.7871489256738753]",0.7806285723275032,0.006169050529307445,"[0.5562397771819568, 0.5548268076164897, 0.5572958467969157]",0.5561208105317874,0.0012388112917264763
xgboost,none,bayesian_optuna,0.0,"[0.4669811320754717, 0.4789794143229922, 0.47919655667144906]",0.475052367689971,0.006990738227000384,"[0.6700507614213198, 0.6666666666666666, 0.6549019607843137]",0.6638731296241001,0.007951378942742109,"[0.3583710407239819, 0.3737556561085973, 0.3778280542986425]",0.3699849170437406,0.010261953962699272,"[0.7794204317343538, 0.7790997406538223, 0.7837093600816318]",0.7807431774899359,0.0025737890488038854,"[0.5569771953254605, 0.554797766922116, 0.5549882102880921]",0.5555877241785562,0.0012070790032018492
xgboost,none,genetic_deap,0.0,"[0.47692307692307695, 0.48393632416787263, 0.47522457258765577]",0.4786946578928684,0.004618173691866548,"[0.6888888888888889, 0.6714859437751004, 0.660757453666398]",0.6737107621101291,0.01419706921822985,"[0.36470588235294116, 0.3782805429864253, 0.37104072398190047]",0.371342383107089,0.006792356108113248,"[0.7805577901753125, 0.7794842222348917, 0.7863822313544758]",0.7821414145882266,0.0037116751156788916,"[0.5575268030784979, 0.5548748923863207, 0.560525573671623]",0.5576424230454805,0.0028271143821200963
xgboost,smote,grid_search,0.0,"[0.5346346108069507, 0.5278167367928939, 0.5408409859835669]",0.5344307778611372,0.006514516685644146,"[0.5640381717729784, 0.5459381044487428, 0.5803941908713693]",0.5634568223643636,0.01723539811672623,"[0.5081447963800905, 0.5108597285067873, 0.5063348416289593]",0.508446455505279,0.002277476451062058,"[0.772368262621433, 0.7682634277676099, 0.782657547858038]",0.7744297460823603,0.007415184342898957,"[0.5344470150777801, 0.5348726713624641, 0.5415724295676848]",0.5369640386693098,0.003996654328603214
xgboost,smote,random_search,0.0,"[0.534320987654321, 0.5195816103137922, 0.5261315328832208]",0.5266780436171113,0.007384870789886336,"[0.5880434782608696, 0.5618095739084692, 0.5880380100614868]",0.5792970207436086,0.01514457345335845,"[0.48959276018099546, 0.4832579185520362, 0.4760180995475113]",0.48295625942684767,0.006792356108113249,"[0.7719317410431494, 0.7727722582199009, 0.7832741785916653]",0.7759927259515719,0.006319911525768839,"[0.5404041584227106, 0.5495244796304682, 0.5433171252169167]",0.5444152544233651,0.004658270124059985
xgboost,smote,bayesian_optuna,0.0,"[0.536620739666425, 0.5086071987480438, 0.513083632632119]",0.5194371903488627,0.015048767073798706,"[0.5760249091852621, 0.6003694581280788, 0.5924170616113744]",0.5896038096415718,0.012413704354120062,"[0.502262443438914, 0.4411764705882353, 0.45248868778280543]",0.4653092006033182,0.032498433524004895,"[0.7743016207343242, 0.7773863280700061, 0.78034414272068]",0.7773440305083367,0.003021483046732297,"[0.5418397350908392, 0.556800980517302, 0.5467573051512928]",0.5484660069198114,0.007625579484735395
xgboost,smote,genetic_deap,0.0,"[0.5323322838459675, 0.521613832853026, 0.5281842168385704]",0.5273767778458546,0.0054046522753310264,"[0.5726941115164148, 0.5557830092118731, 0.5620214395099541]",0.5634995200794141,0.008551893761970526,"[0.4972850678733032, 0.49140271493212667, 0.4981900452488688]",0.49562594268476623,0.003685306703731728,"[0.7719162101934725, 0.768467943579117, 0.7799808370051742]",0.7734549969259211,0.005908686589751403,"[0.5401906457512288, 0.5451547097653352, 0.5403739995502237]",0.5419064516889293,0.0028145674715849265
xgboost,adasyn,grid_search,0.0,"[0.5317591499409681, 0.5287573964497041, 0.5492926117224343]",0.5366030527043688,0.01109149728667431,"[0.5560493827160494, 0.5543424317617865, 0.5452518947837718]",0.5518812364205359,0.00580426983287008,"[0.5095022624434389, 0.5054298642533936, 0.5533936651583711]",0.5227752639517346,0.026594378655883134,"[0.7701622712035362, 0.7703674012675269, 0.7770552515564844]",0.7725283080091825,0.0039217895145114276,"[0.5265686478719693, 0.5459039269733571, 0.5270951823445891]",0.5331892523966385,0.01101437795935862
xgboost,adasyn,random_search,0.0,"[0.5281973816717019, 0.5194103194103195, 0.529019510990368]",0.5255424040241299,0.005326426610528851,"[0.5953461975028377, 0.5682795698924731, 0.5823817292006526]",0.5820024988653211,0.013537298263869514,"[0.4746606334841629, 0.47828054298642536, 0.4846153846153846]",0.47918552036199097,0.005038700780841655,"[0.7723997896645977, 0.7692864722287832, 0.7799144878989237]",0.7738669165974349,0.005463792213195901,"[0.5431076288166358, 0.5492466239974081, 0.546544278699604]",0.5462995105045493,0.003076808258466751
xgboost,adasyn,bayesian_optuna,0.0,"[0.5274125527164475, 0.509234178773701, 0.5300217024354955]",0.5222228113085481,0.011323883914455598,"[0.5837451949478308, 0.5586169638033496, 0.5673722250903459]",0.5699114612805088,0.012755108405446585,"[0.4809954751131222, 0.4678733031674208, 0.4972850678733032]",0.48205128205128206,0.014734280504882033,"[0.7615783938542042, 0.7546436520688937, 0.7782982283246981]",0.764840091415932,0.012159923836050602,"[0.5355567403081379, 0.5340355924692126, 0.541227540585525]",0.5369399577876252,0.0037902503048745616
xgboost,adasyn,genetic_deap,0.0,"[0.5285152409046214, 0.508499271491015, 0.5246882793017457]",0.5205675972324607,0.010625195218380769,"[0.5785791173304629, 0.5487421383647799, 0.5844444444444444]",0.5705885667132291,0.01914550441295407,"[0.48642533936651583, 0.47375565610859727, 0.4760180995475113]",0.47873303167420805,0.006757097069261582,"[0.7537367689666865, 0.7480026330210863, 0.7774009882846269]",0.7597134634241333,0.015583853199019566,"[0.5299509684506873, 0.5023167188109492, 0.5440850847380836]",0.5254509239999067,0.02124469105682645
xgboost,class_weight,grid_search,0.0,"[0.5463897131552918, 0.5372371782275496, 0.5495849716033202]",0.5444039543287206,0.006408933522877316,"[0.4854130052724077, 0.47481764501563045, 0.53125]",0.4971602167626794,0.02999417286104674,"[0.6248868778280543, 0.618552036199095, 0.5692307692307692]",0.6042232277526395,0.030469438289368076,"[0.7798266477969752, 0.7802409394637851, 0.7798986350874785]",0.7799887407827463,0.00022135644001657488,"[0.5490774634952446, 0.5576305169118002, 0.5432562479127951]",0.5499880761066133,0.007230270659520804
xgboost,class_weight,random_search,0.0,"[0.5469669304118483, 0.5310937812437513, 0.5533080488832701]",0.54378958684629,0.011442904167659536,"[0.49577050386171384, 0.47581512002866355, 0.5177444794952681]",0.4964433677952152,0.020972776538281505,"[0.6099547511312218, 0.6009049773755656, 0.5941176470588235]",0.601659125188537,0.007945440235937238,"[0.7792841150818511, 0.7769458235259212, 0.7843478356985534]",0.780192591435442,0.0037837075752129423,"[0.5547443314203475, 0.558290787978193, 0.5420100915522135]",0.5516817369835846,0.00856153505755794
xgboost,class_weight,bayesian_optuna,0.0,"[0.546647529218782, 0.532295719844358, 0.556497175141243]",0.5451468080681278,0.012170321795285315,"[0.49981252343457067, 0.4668941979522184, 0.5021849963583394]",0.48963057258170944,0.01972597793299301,"[0.6031674208144796, 0.6190045248868778, 0.6239819004524887]",0.6153846153846154,0.010869151266483565,"[0.7803922150307214, 0.7774673373908774, 0.7872007890918695]",0.7816867805044895,0.0049941911585652116,"[0.5472404248312733, 0.5574207161502094, 0.5589313317681441]",0.5545308242498755,0.006358689538604201
xgboost,class_weight,genetic_deap,0.0,"[0.5506644518272426, 0.5293072824156305, 0.551993423756679]",0.5439883859998508,0.012731560919041292,"[0.508825786646201, 0.46937346867343366, 0.5056475903614458]",0.49461561522702685,0.021918022376138657,"[0.6, 0.606787330316742, 0.6076923076923076]",0.6048265460030166,0.004204331784243229,"[0.7819413445760398, 0.7767235060252319, 0.7835294524875241]",0.780731434362932,0.0035606374225318413,"[0.5578456973542215, 0.5555157030200382, 0.5593311793738073]",0.5575641932493557,0.0019232520303733083
random_forest,none,grid_search,0.0,"[0.4685918428103602, 0.47624466571834995, 0.4756380510440835]",0.4734915198575979,0.004254071193125439,"[0.6849434290687555, 0.6413793103448275, 0.6623586429725363]",0.6628937941287064,0.02178698923940812,"[0.3561085972850679, 0.37873303167420813, 0.37104072398190047]",0.3686274509803922,0.011503659104475612,"[0.7762542324473769, 0.7703842430617044, 0.7861729742433992]",0.77760381658416,0.007980416097463083,"[0.5563134957698808, 0.5434204148420038, 0.5613758059932736]",0.5537032388683861,0.009257920860950675
random_forest,none,random_search,0.0,"[0.4712166172106825, 0.4788160185722577, 0.47505800464037123]",0.47503021347443714,0.003799776904668984,"[0.6844827586206896, 0.6674757281553398, 0.6615508885298869]",0.6711697917686387,0.011903875249249218,"[0.3592760180995475, 0.3733031674208145, 0.37058823529411766]",0.36772247360482657,0.007439736021199717,"[0.7772388999504991, 0.7799894178847637, 0.7855034329335904]",0.7809105835896176,0.004208566982833973,"[0.5581693348153732, 0.5591849915418192, 0.5594473036487266]",0.5589338766686397,0.0006749778473436311
random_forest,none,bayesian_optuna,0.0,"[0.4691211401425178, 0.4798141155968632, 0.47863741339491916]",0.47585755637810007,0.00586350021678835,"[0.6822107081174439, 0.6699107866991079, 0.6610845295055822]",0.6710686747740446,0.01061057888527443,"[0.3574660633484163, 0.3737556561085973, 0.3751131221719457]",0.36877828054298645,0.009820151318647375,"[0.7774183481574422, 0.7786108341313067, 0.787326709863881]",0.7811186307175433,0.005409315179841222,"[0.5579946813858541, 0.5555783495449957, 0.5601207298696231]",0.5578979202668243,0.0022727355299302717
random_forest,none,genetic_deap,0.0,"[0.4740524781341108, 0.4836563494359271, 0.4794007490636704]",0.47903652554456944,0.004812284288605836,"[0.6663934426229509, 0.6704089815557338, 0.6597938144329897]",0.6655320795372247,0.005359748411542806,"[0.36787330316742084, 0.3782805429864253, 0.3764705882352941]",0.3742081447963801,0.0055602740848165,"[0.7673420259557143, 0.7799341512026611, 0.7850454175775973]",0.7774405315786576,0.009111318392601063,"[0.5461101860929097, 0.5588724226149943, 0.5589908603822779]",0.5546578230300606,0.007402707598114987
random_forest,smote,grid_search,0.0,"[0.5366336633663367, 0.5278990781174188, 0.5247354171794241]",0.5297560528877265,0.00616265624988646,"[0.5923497267759563, 0.5690376569037657, 0.5752833243389098]",0.5788902360062106,0.012067332317594348,"[0.49049773755656106, 0.49230769230769234, 0.4823529411764706]",0.48838612368024137,0.00530268350867178,"[0.776601611601952, 0.7752322364157404, 0.7803960352264013]",0.7774099610813646,0.0026751217168375515,"[0.5477037403549966, 0.5528560534095338, 0.5486028217268413]",0.5497208718304573,0.002752110004820921
random_forest,smote,random_search,0.0,"[0.5334281650071123, 0.5284645044227716, 0.5220423412204234]",0.5279783368834358,0.005708459948410858,"[0.5602589641434262, 0.5297862664847658, 0.5806094182825485]",0.5568848829702469,0.025579024756380363,"[0.5090497737556561, 0.5271493212669683, 0.47420814479638007]",0.5034690799396682,0.02690817996675633,"[0.7684596363687128, 0.7624114715015899, 0.7794484152424346]",0.7701065077042458,0.00863704242805524,"[0.5393655006638028, 0.5336468639609042, 0.5490500405479752]",0.5406874683908941,0.007786216105832558
random_forest,smote,bayesian_optuna,0.0,"[0.5339388145315488, 0.529173612764944, 0.5273311897106109]",0.5301478723357013,0.003409847903789508,"[0.5658561296859169, 0.5585721468074409, 0.5815602836879432]",0.5686628533937671,0.01174827148087467,"[0.5054298642533936, 0.5027149321266968, 0.4823529411764706]",0.4968325791855204,0.012612995352729719,"[0.7697615810986651, 0.7676604391781436, 0.779921265339413]",0.7724477618720739,0.0065569535532738026,"[0.5416005108064188, 0.5507712912145207, 0.5490167594714779]",0.5471295204974724,0.00486796225664911
random_forest,smote,genetic_deap,0.0,"[0.5339147286821705, 0.5315442561205274, 0.5308701993193972]",0.5321097280406983,0.0015990961914699297,"[0.5745568300312826, 0.5539744847890088, 0.5735294117647058]",0.5673535755283324,0.011598014865998181,"[0.4986425339366516, 0.5108597285067873, 0.49411764705882355]",0.5012066365007541,0.008660559408721291,"[0.7706178427940639, 0.7677178292643482, 0.7798629153582038]",0.7727328624722053,0.006342772283157083,"[0.5461524263239513, 0.5477531905329429, 0.5468732830762394]",0.5469262999777112,0.000801697952522247
random_forest,adasyn,grid_search,0.0,"[0.5269279393173198, 0.519159456118665, 0.5316511730854361]",0.525912856173807,0.00630741972090507,"[0.597134670487106, 0.5722070844686649, 0.520363951473137]",0.5632352354763026,0.03916384021309402,"[0.47149321266968325, 0.4751131221719457, 0.5434389140271493]",0.4966817496229261,0.04053332275478795,"[0.7751344989032428, 0.7737140897461107, 0.7619351890527755]",0.7702612592340431,0.00724547955907408,"[0.5471622533884956, 0.5528844186789004, 0.5114905151559853]",0.5371790624077937,0.02243015579156717
random_forest,adasyn,random_search,0.0,"[0.5367924528301887, 0.526935264825713, 0.527077497665733]",0.5302684051072116,0.005650438616953358,"[0.5605911330049261, 0.5271739130434783, 0.5443587270973963]",0.5440412577152669,0.01671087183824918,"[0.5149321266968325, 0.5266968325791855, 0.5108597285067873]",0.5174962292609351,0.00822401561400642,"[0.765895301132705, 0.7584195881410498, 0.7687415718309794]",0.7643521537015779,0.005331211383863717,"[0.5338640317281711, 0.5314607411727399, 0.5248367063620539]",0.5300538264209883,0.0046752227385930805
random_forest,adasyn,bayesian_optuna,0.0,"[0.5365736284889316, 0.5272289156626506, 0.5277520814061054]",0.5305182085192293,0.0052506674676544,"[0.5729701952723536, 0.5639175257731959, 0.5397350993377483]",0.5588742734610993,0.017181929340391457,"[0.504524886877828, 0.49502262443438916, 0.516289592760181]",0.5052790346907994,0.010653522405074108,"[0.7678801379046383, 0.7676862981678222, 0.7693634965309976]",0.768309977534486,0.0009175075846554421,"[0.539988977539316, 0.5497024667942753, 0.5268209306268453]",0.5388374583201455,0.011484148715923192
random_forest,adasyn,genetic_deap,0.0,"[0.5316141829903298, 0.5276102088167053, 0.5274674115456238]",0.5288972677842197,0.0023540006251170755,"[0.5880416895227647, 0.5414285714285715, 0.5431447746883988]",0.557538345213245,0.026430604400128482,"[0.4850678733031674, 0.5144796380090497, 0.5126696832579185]",0.5040723981900452,0.016483262986504033,"[0.7721864004434725, 0.7615796788482191, 0.7692908644756239]",0.7676856479224385,0.005482533710500029,"[0.547840855409859, 0.5404620370183469, 0.5257786978429377]",0.5380271967570479,0.011230807381949344
random_forest,class_weight,grid_search,0.0,"[0.545888911009357, 0.535125229077581, 0.5532520325203252]",0.5447553908690878,0.009116408376892064,"[0.4873800213295414, 0.4864864864864865, 0.5022140221402214]",0.49202684331874974,0.008833660644626219,"[0.6203619909502263, 0.5945701357466063, 0.6158371040723982]",0.6102564102564103,0.013771821096426527,"[0.7814643380862386, 0.7797111646842412, 0.7886655597816792]",0.7832803541840531,0.004745390789060073,"[0.5544102081326983, 0.5600913636619718, 0.5592712941017136]",0.5579242886321278,0.0030707816331138147
random_forest,class_weight,random_search,0.0,"[0.5476526294579891, 0.5335745878568556, 0.5547959395069402]",0.5453410522739283,0.010797869385788073,"[0.4936432982201235, 0.4801013024602026, 0.511654566297287]",0.4951330556592044,0.015829297129488634,"[0.6149321266968326, 0.6004524886877828, 0.6058823529411764]",0.6070889894419307,0.007314845039506604,"[0.7832548065653032, 0.7759922405578328, 0.7868788170370309]",0.7820419547200558,0.0055437030997563105,"[0.5572244045871285, 0.5584970446199562, 0.5560486402965212]",0.5572566965012019,0.001224521542701331
random_forest,class_weight,bayesian_optuna,0.0,"[0.5460978147762747, 0.5340335285800848, 0.5532003325020781]",0.5444438919528126,0.009689849775693713,"[0.505587668593449, 0.482305727836556, 0.5115295926210607]",0.49980766301702184,0.015445546820472207,"[0.5936651583710407, 0.5981900452488688, 0.602262443438914]",0.5980392156862745,0.004300626675530377,"[0.7800177295991819, 0.7737892815214975, 0.7873181580720189]",0.7803750563975661,0.006771512904103809,"[0.5547186774785754, 0.5568879319619167, 0.5584288565821285]",0.5566784886742068,0.0018639359198173969
random_forest,class_weight,genetic_deap,0.0,"[0.5493278179937953, 0.5339017458384084, 0.5546286876907426]",0.5459527505076488,0.010767768572900455,"[0.5059047619047619, 0.4841678939617084, 0.5038817005545286]",0.4979847854736663,0.012008457960812978,"[0.6009049773755656, 0.5950226244343891, 0.6167420814479638]",0.6042232277526395,0.011233512024956541,"[0.7790660142546442, 0.775885314071828, 0.788954226388619]",0.7813018515716971,0.006815302169914216,"[0.557942426018878, 0.5586990729411354, 0.5573852304497839]",0.5580089098032658,0.0006594396054302847
knn,none,grid_search,0.0,"[0.44549483013293945, 0.4403028538147932, 0.44060972102387114]",0.44213580165720123,0.0029130475616811966,"[0.6417021276595745, 0.6176470588235294, 0.6045777426992897]",0.6213089763941312,0.01883115025404095,"[0.3411764705882353, 0.3420814479638009, 0.34660633484162895]",0.343288084464555,0.002909095252184893,"[0.7488904167677335, 0.7439545230834388, 0.7489604627973784]",0.7472684675495169,0.00287017378476539,"[0.5039655453662075, 0.4984403499974038, 0.4970384341022462]",0.49981477648861916,0.0036623767898239243
knn,none,random_search,0.0,"[0.44638694638694637, 0.43677494199535966, 0.44146202170188464]",0.44154130336139685,0.004806492618544403,"[0.6268412438625205, 0.6082390953150242, 0.598297213622291]",0.6111258509332785,0.014489321381225061,"[0.34660633484162895, 0.3407239819004525, 0.3497737556561086]",0.3457013574660633,0.004592258626738544,"[0.740417407581265, 0.7352726218164938, 0.7373368614807514]",0.7376756302928366,0.0025890690165345735,"[0.47345700396857293, 0.46968599008514555, 0.4645532298892087]",0.4692320746476424,0.004469208837410965
knn,none,bayesian_optuna,0.0,"[0.4320636725412166, 0.42955326460481097, 0.4386422976501306]",0.4334197449320527,0.004693807587835163,"[0.581039755351682, 0.5850234009360374, 0.6111560226354082]",0.5924063929743759,0.016359364821252605,"[0.3438914027149321, 0.3393665158371041, 0.3420814479638009]",0.3417797888386123,0.002277476451062058,"[0.7208790460917227, 0.7221900091800868, 0.7524265563970313]",0.7318318705562802,0.01784756201037514,"[0.43900681482471454, 0.4477807580061308, 0.4991512030329673]",0.4619795919546042,0.032489106210520674
knn,none,genetic_deap,0.0,"[0.44638694638694637, 0.4377906976744186, 0.4423076923076923]",0.4421617787896857,0.004299981517165126,"[0.6268412438625205, 0.6121951219512195, 0.5897435897435898]",0.6095933185191099,0.018685181859068364,"[0.34660633484162895, 0.3407239819004525, 0.35384615384615387]",0.3470588235294118,0.006572777849019892,"[0.740417407581265, 0.7393722752071338, 0.7345828936238539]",0.7381241921374175,0.003111056378706503,"[0.47345700396857293, 0.4793315024307617, 0.4800936313720086]",0.4776273792571144,0.003631698317072836
knn,smote,grid_search,0.0,"[0.5078515346181299, 0.5064499028096837, 0.5084568439407149]",0.5075860937895095,0.001029464570046094,"[0.4192692987625221, 0.4154827486227892, 0.4136170212765957]",0.41612302288730235,0.0028800214486746395,"[0.6438914027149322, 0.6484162895927602, 0.6597285067873303]",0.6506787330316742,0.008157355826841576,"[0.7557891387591258, 0.755966881877066, 0.7542542546618901]",0.7553367584326939,0.0009416788010501104,"[0.5043365591079682, 0.5054705075689846, 0.5012559948688831]",0.5036876871819452,0.0021808955516289105
knn,smote,random_search,0.0,"[0.5073661516349264, 0.5039173789173789, 0.5023780165580413]",0.5045538490367822,0.00255425009464282,"[0.42073897497020263, 0.4154433352906635, 0.4113066051341217]",0.41582963846499593,0.004728035827701266,"[0.6389140271493212, 0.6402714932126696, 0.6452488687782806]",0.6414781297134238,0.0033353460614624912,"[0.7520351811554371, 0.7515768747912955, 0.748967880167871]",0.7508599787048679,0.0016545509469739889,"[0.5014407139425954, 0.5017565094224393, 0.49570195650886695]",0.4996330599579672,0.0034080951339301663
knn,smote,bayesian_optuna,0.0,"[0.5083708370837083, 0.5068542568542569, 0.5093300159943132]",0.5081850366440928,0.001248293708393194,"[0.42212257100149475, 0.42141571685662865, 0.41937371963710857]",0.42097066916507736,0.001427444059039906,"[0.6389140271493212, 0.6357466063348416, 0.6484162895927602]",0.641025641025641,0.006593512215503626,"[0.7521301985447536, 0.7556881341851771, 0.7539821971473084]",0.7539335099590797,0.0017794674307421772,"[0.5005124860690275, 0.5042355010278194, 0.4993945067554287]",0.5013808312840918,0.0025346250108692426
knn,smote,genetic_deap,0.0,"[0.5078515346181299, 0.5068542568542569, 0.5093300159943132]",0.5080119358222334,0.0012456493244896014,"[0.4192692987625221, 0.42141571685662865, 0.41937371963710857]",0.4200195784187531,0.0012102180931747462,"[0.6438914027149322, 0.6357466063348416, 0.6484162895927602]",0.6426847662141779,0.006420451479273872,"[0.7557891387591258, 0.7556881341851771, 0.7539821971473084]",0.7551531566972037,0.0010153374717836413,"[0.5043365591079682, 0.5042355010278194, 0.4993945067554287]",0.502655522297072,0.0028245742964242847
knn,adasyn,grid_search,0.0,"[0.49151704826223025, 0.48505089058524176, 0.4875653413591003]",0.4880444267355241,0.0032595921331274964,"[0.38642838642838645, 0.37395782246199116, 0.3750913965391177]",0.3784925351431651,0.006895980659989211,"[0.6751131221719457, 0.6900452488687783, 0.6963800904977375]",0.6871794871794871,0.010919268656252309,"[0.7472115435512364, 0.7469484356038438, 0.7452126836453671]",0.7464575542668158,0.0010860863667797494,"[0.49249851348022716, 0.4942969198303934, 0.48867782496877665]",0.49182441942646576,0.0028695572586985205
knn,adasyn,random_search,0.0,"[0.4891304347826087, 0.4827586206896552, 0.48624296057924377]",0.4860440053505026,0.0031905628180734567,"[0.3845157949249094, 0.37487487487487486, 0.3772784019975031]",0.3788896905990958,0.005018368566676455,"[0.6719457013574661, 0.6778280542986426, 0.683710407239819]",0.6778280542986425,0.00588235294117645,"[0.7469298651259134, 0.7431973986263611, 0.7409351588015392]",0.7436874741846046,0.0030272523050555123,"[0.49056893335130997, 0.4953891084501201, 0.4883781612385998]",0.4914454010133433,0.003586710452855602
knn,adasyn,bayesian_optuna,0.0,"[0.49151704826223025, 0.4847197254453342, 0.4873211963589077]",0.4878526566888241,0.0034296846693216564,"[0.38642838642838645, 0.37938091583525196, 0.38026382546930493]",0.3820243759109811,0.003839448376204386,"[0.6751131221719457, 0.6710407239819004, 0.6782805429864254]",0.6748114630467571,0.0036293241072446795,"[0.7472115435512364, 0.7463160684096809, 0.7434265226552674]",0.745651378205395,0.001978119206844164,"[0.49249851348022716, 0.49417849566799826, 0.48678301530276563]",0.4911533414836637,0.0038769057550305853
knn,adasyn,genetic_deap,0.0,"[0.4955104755570336, 0.4847197254453342, 0.4871544715447155]",0.4891282241823611,0.0056596684177825166,"[0.39169295478443744, 0.37938091583525196, 0.3802030456852792]",0.38375897210165616,0.006883315718502309,"[0.6742081447963801, 0.6710407239819004, 0.6778280542986426]",0.6743589743589743,0.0033961780540566642,"[0.7499787105206674, 0.7463160684096809, 0.7457659031332136]",0.747353560687854,0.00229002820755511,"[0.4942183327345457, 0.49417849566799826, 0.48929982620908374]",0.4925655515372092,0.0028282712364690226
knn,class_weight,grid_search,0.0,"[0.5333593445181428, 0.5193370165745856, 0.5251674641148325]",0.5259546084025203,0.007044225815261446,"[0.4687928669410151, 0.4485027969726884, 0.4550580431177446]",0.4574512356771494,0.010354576901046735,"[0.618552036199095, 0.6167420814479638, 0.6208144796380091]",0.6187028657616893,0.002040384503539764,"[0.7643022256812779, 0.7610391997849835, 0.7641162159426345]",0.7631525471362987,0.0018325740574941635,"[0.5166658353188458, 0.5212195498426071, 0.5116473138977625]",0.5165108996864052,0.004787998437091795
knn,class_weight,random_search,0.0,"[0.5252755606233371, 0.5212027756360833, 0.533154978024078]",0.5265444380944994,0.0060762918797992085,"[0.4528178243774574, 0.4539959704499664, 0.46146212371816075]",0.4560919728485282,0.0046878457007461,"[0.6253393665158371, 0.611764705882353, 0.6312217194570136]",0.6227752639517345,0.009978717892623248,"[0.7621547221635695, 0.7581833085311978, 0.7622691161635848]",0.7608690489527841,0.0023266225963651044,"[0.5130273552143597, 0.5149535321710663, 0.5100525985197184]",0.5126778286350481,0.002469091793749787
knn,class_weight,bayesian_optuna,0.0,"[0.5333593445181428, 0.5212027756360833, 0.5251674641148325]",0.5265765280896862,0.006199567542174803,"[0.4687928669410151, 0.4539959704499664, 0.4550580431177446]",0.45928229350290867,0.008253499556498515,"[0.618552036199095, 0.611764705882353, 0.6208144796380091]",0.6170437405731524,0.004709651582502546,"[0.7643022256812779, 0.7581833085311978, 0.7641162159426345]",0.7622005833850367,0.0034803049929830396,"[0.5166658353188458, 0.5149535321710663, 0.5116473138977625]",0.5144222271292249,0.0025510984103092786
knn,class_weight,genetic_deap,0.0,"[0.5233352860769381, 0.5193370165745856, 0.5287444722168814]",0.5238055916228017,0.004721328827278709,"[0.4603229130882858, 0.4485027969726884, 0.45971247074557003]",0.4561793936021814,0.00665513048875848,"[0.6063348416289592, 0.6167420814479638, 0.6221719457013575]",0.6150829562594269,0.008047856152008539,"[0.7613406322510018, 0.7610391997849835, 0.7644764092713058]",0.7622854137690971,0.001903434094187859,"[0.5161232246943013, 0.5212195498426071, 0.5103160626307641]",0.5158862790558908,0.005455604070254469
