model,technique,method,total_time_seconds,n_outer_folds,accuracy_mean,accuracy_std,accuracy_per_fold,precision_mean,precision_std,precision_per_fold,recall_mean,recall_std,recall_per_fold,f1_mean,f1_std,f1_per_fold,roc_auc_mean,roc_auc_std,roc_auc_per_fold,best_params_per_fold,random_state,n_inner_folds
svm,none,grid_search,240.4024941921234,3,0.8182879621728875,0.0013658893925156464,"[0.8195014515967565, 0.8189827793352022, 0.816379655586704]",0.6924003743624204,0.011928419855348364,"[0.7041123370110332, 0.6970588235294117, 0.6760299625468165]",0.32202111613876316,0.0037007071331479112,"[0.3176470588235294, 0.3217194570135747, 0.3266968325791855]",0.43951750497495934,0.001224665141975645,"[0.43779232927970063, 0.44024767801857584, 0.4405125076266016]",0.7199305065294853,0.006410216137482311,"[0.7162212744719947, 0.7146214988556888, 0.7289487462607727]","[{""C"": 0.21544346900318834, ""gamma"": 0.046415888336127774}, {""C"": 0.21544346900318834, ""gamma"": 0.046415888336127774}, {""C"": 0.21544346900318834, ""gamma"": 0.046415888336127774}]",42,3
svm,none,random_search,264.1903119087219,3,0.817286860961555,0.0007427052818556816,"[0.816498147962759, 0.8182819383259912, 0.8170804965959151]",0.6871589596400364,0.0027338801922661506,"[0.690982776089159, 0.6847521047708138, 0.6857419980601358]",0.3199095022624434,0.00923638666207834,"[0.3085972850678733, 0.33122171945701356, 0.3199095022624434]",0.4364708887273408,0.008095649942156847,"[0.4266499843603378, 0.4464775846294602, 0.43628509719222464]",0.7214245373329771,0.005964898412364934,"[0.7183074107746867, 0.7161946795056018, 0.7297715217186426]","[{""C"": 8.471801418819979, ""gamma"": 0.024810409748678097}, {""C"": 0.10842262717330164, ""gamma"": 0.04467752817973906}, {""C"": 5.456725485601478, ""gamma"": 0.005762487216478602}]",42,3
svm,none,bayesian_optuna,503.87330627441406,3,0.817954221676951,0.0015776879248786662,"[0.8197016718390229, 0.8182819383259912, 0.815879054865839]",0.6917050074380473,0.014460625853149655,"[0.7080366225839267, 0.6941986234021632, 0.6728797763280522]",0.3203619909502262,0.0048453630178609455,"[0.31493212669683257, 0.3194570135746606, 0.3266968325791855]",0.4377844534643786,0.001595302133380866,"[0.43595364860632635, 0.4375581035017044, 0.4398416082851051]",0.7198387124671991,0.004304364760942471,"[0.7169674532722105, 0.7166258759769113, 0.7259228081524755]","[{""C"": 0.4305575360084246, ""gamma"": 0.035777529307915175}, {""C"": 0.15628340881651107, ""gamma"": 0.056814164295536936}, {""C"": 0.32241071259558185, ""gamma"": 0.06342728026702125}]",42,3
svm,smote,grid_search,279.39050698280334,3,0.7641911609378246,0.00890294622752538,"[0.7760536590249274, 0.7619142971565879, 0.7546055266319583]",0.47558703398735935,0.014251986506842491,"[0.49500185116623474, 0.47056762438682553, 0.46119162640901773]",0.620211161387632,0.019655354897973494,"[0.6049773755656108, 0.6076923076923076, 0.6479638009049774]",0.5379183347084652,0.005786442452646641,"[0.5444919568316026, 0.5304107424960506, 0.5388523047977423]",0.7620164683845868,0.008435232013378674,"[0.7629303339598024, 0.751258887755114, 0.7718601834388441]","[{""C"": 100.0, ""gamma"": 0.002154434690031882}, {""C"": 100.0, ""gamma"": 0.002154434690031882}, {""C"": 0.21544346900318834, ""gamma"": 0.046415888336127774}]",42,3
svm,smote,random_search,279.77832984924316,3,0.7610541666584812,0.008411797855589551,"[0.7729502452697968, 0.7551061273528233, 0.7551061273528233]",0.4706050087366918,0.013320584510728846,"[0.4894237782640408, 0.460455764075067, 0.4619354838709677]",0.6256410256410256,0.016855161441567443,"[0.6072398190045248, 0.6217194570135747, 0.6479638009049774]",0.5368116452868193,0.0055781464156640335,"[0.5420032310177706, 0.529072006160955, 0.5393596986817326]",0.7661642418967324,0.006408847567775036,"[0.7638510748569504, 0.7597315609987096, 0.7749100898345374]","[{""C"": 5.456725485601478, ""gamma"": 0.005762487216478602}, {""C"": 0.10842262717330164, ""gamma"": 0.04467752817973906}, {""C"": 0.10842262717330164, ""gamma"": 0.04467752817973906}]",42,3
svm,smote,bayesian_optuna,511.4857861995697,3,0.7656930232386583,0.006290655331028235,"[0.774251676844529, 0.7593111734080897, 0.763516219463356]",0.4775271800444152,0.01049454358368213,"[0.4917370547190599, 0.4667124227865477, 0.47413206262763785]",0.6171945701357466,0.010057063697236596,"[0.6058823529411764, 0.6153846153846154, 0.630316742081448]",0.5382969482210792,0.005321295622925022,"[0.5428745185485506, 0.5308352849336456, 0.5411810411810412]",0.7623320463780999,0.004923813883200659,"[0.763486826989243, 0.755807742920338, 0.7677015692247189]","[{""C"": 32.57077720678925, ""gamma"": 0.0029577064002095583}, {""C"": 0.36890098991132214, ""gamma"": 0.01567764955358079}, {""C"": 10.5360326599322, ""gamma"": 0.007991378812413684}]",42,3
svm,adasyn,grid_search,286.23408031463623,3,0.7415981501691643,0.008718763192739362,"[0.7530283311642807, 0.7398878654385262, 0.7318782539046856]",0.4437248257821924,0.010970218914692024,"[0.4586683821164362, 0.439863608183509, 0.4326424870466321]",0.6558069381598793,0.017219690047073993,"[0.6452488687782806, 0.642081447963801, 0.6800904977375566]",0.5290396630048493,0.005764328424442916,"[0.5361910133483737, 0.522075055187638, 0.5288529204785363]",0.7632731924886641,0.00711454196772654,"[0.7652269220008157, 0.7537486808715614, 0.7708439745936154]","[{""C"": 100.0, ""gamma"": 0.002154434690031882}, {""C"": 100.0, ""gamma"": 0.002154434690031882}, {""C"": 0.21544346900318834, ""gamma"": 0.046415888336127774}]",42,3
svm,adasyn,random_search,290.7564516067505,3,0.7433336595498674,0.005316436426984821,"[0.7502252477725498, 0.737284741690028, 0.7424909891870244]",0.44550339792397975,0.0074220748807775315,"[0.4549763033175355, 0.4368517388651617, 0.44468215158924207]",0.6526395173453997,0.004313830964125201,"[0.6515837104072398, 0.6479638009049774, 0.6583710407239819]",0.5295026692015067,0.005770894119072715,"[0.5358139534883721, 0.521865889212828, 0.53082816490332]",0.764228137693971,0.005781798922171434,"[0.7666983972977486, 0.7562426626207577, 0.7697433531634066]","[{""C"": 5.456725485601478, ""gamma"": 0.005762487216478602}, {""C"": 5.456725485601478, ""gamma"": 0.005762487216478602}, {""C"": 5.456725485601478, ""gamma"": 0.005762487216478602}]",42,3
svm,adasyn,bayesian_optuna,492.2473454475403,3,0.7460701799345454,0.005440813319023029,"[0.753128441285414, 0.7398878654385262, 0.7451942330796957]",0.44885678561700654,0.007873741860271278,"[0.4588159588159588, 0.4395638629283489, 0.44819053510671203]",0.6464555052790346,0.007071317146142425,"[0.6452488687782806, 0.6384615384615384, 0.6556561085972851]",0.5297943387000075,0.006645990565862415,"[0.536291839037232, 0.5206642066420665, 0.5324269704207238]",0.7626165502429485,0.005477484523016544,"[0.7651451378261115, 0.7550112045926031, 0.767693308310131]","[{""C"": 58.173178619968745, ""gamma"": 0.00239482708673281}, {""C"": 7.941837643432675, ""gamma"": 0.0037626673056109752}, {""C"": 32.57077720678925, ""gamma"": 0.0029577064002095583}]",42,3
svm,class_weight,grid_search,220.33669996261597,3,0.7636573405221783,0.006081341606671806,"[0.771448593452798, 0.762915498598318, 0.7566079295154186]",0.4744914025637055,0.00921988664834525,"[0.4867320974191203, 0.4722612359550562, 0.4644808743169399]",0.6227752639517345,0.021998376655812436,"[0.6058823529411764, 0.6085972850678733, 0.6538461538461539]",0.5382574252116624,0.00474221231563331,"[0.5398105220721628, 0.5318307631474891, 0.5431309904153354]",0.7640350350618804,0.009113530672120927,"[0.763052952053882, 0.7533967775452053, 0.7756553755865541]","[{""C"": 100.0, ""gamma"": 0.002154434690031882}, {""C"": 100.0, ""gamma"": 0.002154434690031882}, {""C"": 0.21544346900318834, ""gamma"": 0.046415888336127774}]",42,3
svm,class_weight,random_search,239.92209672927856,3,0.7646585152358023,0.005393855260168247,"[0.7722494744218641, 0.7602122547056468, 0.7615138165798959]",0.4757459641018609,0.00885733536016026,"[0.48816029143898, 0.468092445670921, 0.4709851551956815]",0.6173453996983409,0.010607511898954597,"[0.6063348416289592, 0.614027149321267, 0.6316742081447964]",0.5372361366151657,0.004284795503910193,"[0.5408678102926338, 0.5312194167155999, 0.5396211828372632]",0.7638166967241621,0.00808115846781021,"[0.762284611254689, 0.7547747213686591, 0.7743907575491379]","[{""C"": 5.456725485601478, ""gamma"": 0.005762487216478602}, {""C"": 5.456725485601478, ""gamma"": 0.005762487216478602}, {""C"": 5.456725485601478, ""gamma"": 0.005762487216478602}]",42,3
svm,class_weight,bayesian_optuna,413.4315667152405,3,0.7637574406202715,0.005899557488840227,"[0.7720492541795976, 0.7588105726872246, 0.7604124949939928]",0.47454302512133834,0.009518543905505975,"[0.4878048780487805, 0.4659129838985954, 0.4699112134166393]",0.6227752639517345,0.01725136817910436,"[0.6063348416289592, 0.6153846153846154, 0.646606334841629]",0.5384148892340983,0.005913948067908934,"[0.5406495864434133, 0.5303178007408852, 0.5442772805179966]",0.7638933454697506,0.009135957979096304,"[0.7624505644911261, 0.7534955012920768, 0.7757339706260493]","[{""C"": 4.098769910523821, ""gamma"": 0.006639550662857898}, {""C"": 4.555326619176878, ""gamma"": 0.010896634803184571}, {""C"": 0.5794227756796345, ""gamma"": 0.03603593206799791}]",42,3
svm,none,genetic_deap,2235.134336233139,3,0.8186550827322415,0.0012265654453009031,"[0.8191010111122234, 0.8198838606327593, 0.816980376451742]",0.69585938306424,0.008885661174983201,"[0.7054026503567788, 0.6981677917068466, 0.6840077071290944]",0.32066365007541475,0.005926661449287635,"[0.31312217194570136, 0.32760180995475113, 0.3212669683257919]",0.4389540210200295,0.005146073373325741,"[0.4337198370416797, 0.4459501077918078, 0.437192118226601]",0.7206534351353707,0.00678189847948781,"[0.7166359539751704, 0.7151198879773442, 0.7302044634535975]","[{""C"": 0.48027229274896793, ""gamma"": 0.02771381493481929}, {""C"": 0.22961595716212646, ""gamma"": 0.02771381493481929}, {""C"": 3.9768366368896064, ""gamma"": 0.006378087954825793}]",42,3
svm,smote,genetic_deap,2223.2240555286407,3,0.7647918884848891,0.00783460905433897,"[0.7758534387826609, 0.7587104525430517, 0.7598117741289547]",0.4762604013795924,0.013014137672015879,"[0.494611668524712, 0.4658703071672355, 0.4682992284468299]",0.6171945701357466,0.012011564851924315,"[0.602262443438914, 0.6176470588235294, 0.6316742081447964]",0.5373789469939987,0.004921092845779165,"[0.5431544582738217, 0.5311284046692607, 0.5378539780389135]",0.7632029559261159,0.0052433317976377245,"[0.7629504019116324, 0.7569112149478341, 0.7697472509188813]","[{""C"": 100.0, ""gamma"": 0.0022201288502293336}, {""C"": 0.22725477087026486, ""gamma"": 0.022754261010602864}, {""C"": 3.9768366368896064, ""gamma"": 0.0097378180571413}]",42,3
svm,adasyn,genetic_deap,2011.663720369339,3,0.7403632648964188,0.011243639513625845,"[0.7551306437080789, 0.7278734481377653, 0.7380857028434121]",0.44264403989572026,0.014442807810213442,"[0.4613621480026195, 0.426205694363742, 0.4403642773207991]",0.6598793363499246,0.016855161441567443,"[0.6375565610859728, 0.6638009049773755, 0.6782805429864254]",0.5294882381324614,0.0073592640026051235,"[0.5353343465045592, 0.5191082802547771, 0.5340220876380477]",0.765867639641235,0.006079463683391193,"[0.7644061136869831, 0.7592609797444702, 0.7739358254922516]","[{""C"": 67.42986478915485, ""gamma"": 0.0017236601239858525}, {""C"": 0.395337546748428, ""gamma"": 0.022754261010602864}, {""C"": 0.22725477087026486, ""gamma"": 0.022754261010602864}]",42,3
svm,class_weight,genetic_deap,1944.892795085907,3,0.7643916384381115,0.0033911286333501486,"[0.7689458404244669, 0.7608129755706848, 0.763416099319183]",0.4752762836571666,0.005582391029940376,"[0.482574679943101, 0.46902042229145036, 0.47423374873694846]",0.6214177978883861,0.011098022406725241,"[0.614027149321267, 0.6131221719457014, 0.63710407239819]",0.5385444047883011,0.005177278342137419,"[0.5404221425726802, 0.5314767601490489, 0.5437343116431743]",0.7634522525326792,0.009082449049000383,"[0.7635104431876283, 0.7522995884668325, 0.7745467259435768]","[{""C"": 0.3994451199028482, ""gamma"": 0.022754261010602864}, {""C"": 66.73647015591594, ""gamma"": 0.0035129874444643494}, {""C"": 3.9768366368896064, ""gamma"": 0.017082398318409978}]",42,3
